{
    "packages": [
        {
            "name": "doctrine/inflector",
            "version": "2.0.6",
            "version_normalized": "2.0.6.0",
            "source": {
                "type": "git",
                "url": "https://github.com/doctrine/inflector.git",
                "reference": "d9d313a36c872fd6ee06d9a6cbcf713eaa40f024"
            },
            "dist": {
                "type": "zip",
                "url": "https://api.github.com/repos/doctrine/inflector/zipball/d9d313a36c872fd6ee06d9a6cbcf713eaa40f024",
                "reference": "d9d313a36c872fd6ee06d9a6cbcf713eaa40f024",
                "shasum": ""
            },
            "require": {
                "php": "^7.2 || ^8.0"
            },
            "require-dev": {
                "doctrine/coding-standard": "^10",
                "phpstan/phpstan": "^1.8",
                "phpstan/phpstan-phpunit": "^1.1",
                "phpstan/phpstan-strict-rules": "^1.3",
                "phpunit/phpunit": "^8.5 || ^9.5",
                "vimeo/psalm": "^4.25"
            },
            "time": "2022-10-20T09:10:12+00:00",
            "type": "library",
            "installation-source": "dist",
            "autoload": {
                "psr-4": {
                    "Doctrine\\Inflector\\": "lib/Doctrine/Inflector"
                }
            },
            "notification-url": "https://packagist.org/downloads/",
            "license": [
                "MIT"
            ],
            "authors": [
                {
                    "name": "Guilherme Blanco",
                    "email": "guilhermeblanco@gmail.com"
                },
                {
                    "name": "Roman Borschel",
                    "email": "roman@code-factory.org"
                },
                {
                    "name": "Benjamin Eberlei",
                    "email": "kontakt@beberlei.de"
                },
                {
                    "name": "Jonathan Wage",
                    "email": "jonwage@gmail.com"
                },
                {
                    "name": "Johannes Schmitt",
                    "email": "schmittjoh@gmail.com"
                }
            ],
            "description": "PHP Doctrine Inflector is a small library that can perform string manipulations with regard to upper/lowercase and singular/plural forms of words.",
            "homepage": "https://www.doctrine-project.org/projects/inflector.html",
            "keywords": [
                "inflection",
                "inflector",
                "lowercase",
                "manipulation",
                "php",
                "plural",
                "singular",
                "strings",
                "uppercase",
                "words"
            ],
            "support": {
                "issues": "https://github.com/doctrine/inflector/issues",
                "source": "https://github.com/doctrine/inflector/tree/2.0.6"
            },
            "funding": [
                {
                    "url": "https://www.doctrine-project.org/sponsorship.html",
                    "type": "custom"
                },
                {
                    "url": "https://www.patreon.com/phpdoctrine",
                    "type": "patreon"
                },
                {
                    "url": "https://tidelift.com/funding/github/packagist/doctrine%2Finflector",
                    "type": "tidelift"
                }
            ],
            "install-path": "../doctrine/inflector"
        },
        {
            "name": "illuminate/collections",
            "version": "v10.8.0",
            "version_normalized": "10.8.0.0",
            "source": {
                "type": "git",
                "url": "https://github.com/illuminate/collections.git",
                "reference": "93bbd01e3746bc8a5c02cb5440bb9fe3386ad01e"
            },
            "dist": {
                "type": "zip",
                "url": "https://api.github.com/repos/illuminate/collections/zipball/93bbd01e3746bc8a5c02cb5440bb9fe3386ad01e",
                "reference": "93bbd01e3746bc8a5c02cb5440bb9fe3386ad01e",
                "shasum": ""
            },
            "require": {
                "illuminate/conditionable": "^10.0",
                "illuminate/contracts": "^10.0",
                "illuminate/macroable": "^10.0",
                "php": "^8.1"
            },
            "suggest": {
                "symfony/var-dumper": "Required to use the dump method (^6.2)."
            },
            "time": "2023-03-31T12:30:11+00:00",
            "type": "library",
            "extra": {
                "branch-alias": {
                    "dev-master": "10.x-dev"
                }
            },
            "installation-source": "dist",
            "autoload": {
                "files": [
                    "helpers.php"
                ],
                "psr-4": {
                    "Illuminate\\Support\\": ""
                }
            },
            "notification-url": "https://packagist.org/downloads/",
            "license": [
                "MIT"
            ],
            "authors": [
                {
                    "name": "Taylor Otwell",
                    "email": "taylor@laravel.com"
                }
            ],
            "description": "The Illuminate Collections package.",
            "homepage": "https://laravel.com",
            "support": {
                "issues": "https://github.com/laravel/framework/issues",
                "source": "https://github.com/laravel/framework"
            },
            "install-path": "../illuminate/collections"
        },
        {
            "name": "illuminate/conditionable",
            "version": "v10.8.0",
            "version_normalized": "10.8.0.0",
            "source": {
                "type": "git",
                "url": "https://github.com/illuminate/conditionable.git",
                "reference": "d0958e4741fc9d6f516a552060fd1b829a85e009"
            },
            "dist": {
                "type": "zip",
                "url": "https://api.github.com/repos/illuminate/conditionable/zipball/d0958e4741fc9d6f516a552060fd1b829a85e009",
                "reference": "d0958e4741fc9d6f516a552060fd1b829a85e009",
                "shasum": ""
            },
            "require": {
                "php": "^8.0.2"
            },
            "time": "2023-02-03T08:06:17+00:00",
            "type": "library",
            "extra": {
                "branch-alias": {
                    "dev-master": "10.x-dev"
                }
            },
            "installation-source": "dist",
            "autoload": {
                "psr-4": {
                    "Illuminate\\Support\\": ""
                }
            },
            "notification-url": "https://packagist.org/downloads/",
            "license": [
                "MIT"
            ],
            "authors": [
                {
                    "name": "Taylor Otwell",
                    "email": "taylor@laravel.com"
                }
            ],
            "description": "The Illuminate Conditionable package.",
            "homepage": "https://laravel.com",
            "support": {
                "issues": "https://github.com/laravel/framework/issues",
                "source": "https://github.com/laravel/framework"
            },
            "install-path": "../illuminate/conditionable"
        },
        {
            "name": "illuminate/contracts",
            "version": "v10.8.0",
            "version_normalized": "10.8.0.0",
            "source": {
                "type": "git",
                "url": "https://github.com/illuminate/contracts.git",
                "reference": "df6cb22937345609dbd42ef9f9cc62bf9f20104f"
            },
            "dist": {
                "type": "zip",
                "url": "https://api.github.com/repos/illuminate/contracts/zipball/df6cb22937345609dbd42ef9f9cc62bf9f20104f",
                "reference": "df6cb22937345609dbd42ef9f9cc62bf9f20104f",
                "shasum": ""
            },
            "require": {
                "php": "^8.1",
                "psr/container": "^1.1.1|^2.0.1",
                "psr/simple-cache": "^1.0|^2.0|^3.0"
            },
            "time": "2023-04-17T16:01:53+00:00",
            "type": "library",
            "extra": {
                "branch-alias": {
                    "dev-master": "10.x-dev"
                }
            },
            "installation-source": "dist",
            "autoload": {
                "psr-4": {
                    "Illuminate\\Contracts\\": ""
                }
            },
            "notification-url": "https://packagist.org/downloads/",
            "license": [
                "MIT"
            ],
            "authors": [
                {
                    "name": "Taylor Otwell",
                    "email": "taylor@laravel.com"
                }
            ],
            "description": "The Illuminate Contracts package.",
            "homepage": "https://laravel.com",
            "support": {
                "issues": "https://github.com/laravel/framework/issues",
                "source": "https://github.com/laravel/framework"
            },
            "install-path": "../illuminate/contracts"
        },
        {
            "name": "illuminate/macroable",
            "version": "v10.8.0",
            "version_normalized": "10.8.0.0",
            "source": {
                "type": "git",
                "url": "https://github.com/illuminate/macroable.git",
                "reference": "6b80109438161d45a5f2bdf7ecdd56cbd0096c3d"
            },
            "dist": {
                "type": "zip",
                "url": "https://api.github.com/repos/illuminate/macroable/zipball/6b80109438161d45a5f2bdf7ecdd56cbd0096c3d",
                "reference": "6b80109438161d45a5f2bdf7ecdd56cbd0096c3d",
                "shasum": ""
            },
            "require": {
                "php": "^8.1"
            },
            "time": "2023-03-17T13:33:11+00:00",
            "type": "library",
            "extra": {
                "branch-alias": {
                    "dev-master": "10.x-dev"
                }
            },
            "installation-source": "dist",
            "autoload": {
                "psr-4": {
                    "Illuminate\\Support\\": ""
                }
            },
            "notification-url": "https://packagist.org/downloads/",
            "license": [
                "MIT"
            ],
            "authors": [
                {
                    "name": "Taylor Otwell",
                    "email": "taylor@laravel.com"
                }
            ],
            "description": "The Illuminate Macroable package.",
            "homepage": "https://laravel.com",
            "support": {
                "issues": "https://github.com/laravel/framework/issues",
                "source": "https://github.com/laravel/framework"
            },
            "install-path": "../illuminate/macroable"
        },
        {
            "name": "illuminate/support",
            "version": "v10.8.0",
            "version_normalized": "10.8.0.0",
            "source": {
                "type": "git",
                "url": "https://github.com/illuminate/support.git",
                "reference": "22f859b0d9947cc00bae7a66d76e4b78e2c27893"
            },
            "dist": {
                "type": "zip",
                "url": "https://api.github.com/repos/illuminate/support/zipball/22f859b0d9947cc00bae7a66d76e4b78e2c27893",
                "reference": "22f859b0d9947cc00bae7a66d76e4b78e2c27893",
                "shasum": ""
            },
            "require": {
                "doctrine/inflector": "^2.0",
                "ext-ctype": "*",
                "ext-filter": "*",
                "ext-mbstring": "*",
                "illuminate/collections": "^10.0",
                "illuminate/conditionable": "^10.0",
                "illuminate/contracts": "^10.0",
                "illuminate/macroable": "^10.0",
                "nesbot/carbon": "^2.62.1",
                "php": "^8.1",
                "voku/portable-ascii": "^2.0"
            },
            "conflict": {
                "tightenco/collect": "<5.5.33"
            },
            "suggest": {
                "illuminate/filesystem": "Required to use the composer class (^10.0).",
                "league/commonmark": "Required to use Str::markdown() and Stringable::markdown() (^2.0.2).",
                "ramsey/uuid": "Required to use Str::uuid() (^4.7).",
                "symfony/process": "Required to use the composer class (^6.2).",
                "symfony/uid": "Required to use Str::ulid() (^6.2).",
                "symfony/var-dumper": "Required to use the dd function (^6.2).",
                "vlucas/phpdotenv": "Required to use the Env class and env helper (^5.4.1)."
            },
            "time": "2023-04-15T21:53:23+00:00",
            "type": "library",
            "extra": {
                "branch-alias": {
                    "dev-master": "10.x-dev"
                }
            },
            "installation-source": "dist",
            "autoload": {
                "files": [
                    "helpers.php"
                ],
                "psr-4": {
                    "Illuminate\\Support\\": ""
                }
            },
            "notification-url": "https://packagist.org/downloads/",
            "license": [
                "MIT"
            ],
            "authors": [
                {
                    "name": "Taylor Otwell",
                    "email": "taylor@laravel.com"
                }
            ],
            "description": "The Illuminate Support package.",
            "homepage": "https://laravel.com",
            "support": {
                "issues": "https://github.com/laravel/framework/issues",
                "source": "https://github.com/laravel/framework"
            },
            "install-path": "../illuminate/support"
        },
        {
            "name": "nesbot/carbon",
            "version": "2.66.0",
            "version_normalized": "2.66.0.0",
            "source": {
                "type": "git",
                "url": "https://github.com/briannesbitt/Carbon.git",
                "reference": "496712849902241f04902033b0441b269effe001"
            },
            "dist": {
                "type": "zip",
                "url": "https://api.github.com/repos/briannesbitt/Carbon/zipball/496712849902241f04902033b0441b269effe001",
                "reference": "496712849902241f04902033b0441b269effe001",
                "shasum": ""
            },
            "require": {
                "ext-json": "*",
                "php": "^7.1.8 || ^8.0",
                "symfony/polyfill-mbstring": "^1.0",
                "symfony/polyfill-php80": "^1.16",
                "symfony/translation": "^3.4 || ^4.0 || ^5.0 || ^6.0"
            },
            "require-dev": {
                "doctrine/dbal": "^2.0 || ^3.1.4",
                "doctrine/orm": "^2.7",
                "friendsofphp/php-cs-fixer": "^3.0",
                "kylekatarnls/multi-tester": "^2.0",
                "ondrejmirtes/better-reflection": "*",
                "phpmd/phpmd": "^2.9",
                "phpstan/extension-installer": "^1.0",
                "phpstan/phpstan": "^0.12.99 || ^1.7.14",
                "phpunit/php-file-iterator": "^2.0.5 || ^3.0.6",
                "phpunit/phpunit": "^7.5.20 || ^8.5.26 || ^9.5.20",
                "squizlabs/php_codesniffer": "^3.4"
            },
            "time": "2023-01-29T18:53:47+00:00",
            "bin": [
                "bin/carbon"
            ],
            "type": "library",
            "extra": {
                "branch-alias": {
                    "dev-3.x": "3.x-dev",
                    "dev-master": "2.x-dev"
                },
                "laravel": {
                    "providers": [
                        "Carbon\\Laravel\\ServiceProvider"
                    ]
                },
                "phpstan": {
                    "includes": [
                        "extension.neon"
                    ]
                }
            },
            "installation-source": "dist",
            "autoload": {
                "psr-4": {
                    "Carbon\\": "src/Carbon/"
                }
            },
            "notification-url": "https://packagist.org/downloads/",
            "license": [
                "MIT"
            ],
            "authors": [
                {
                    "name": "Brian Nesbitt",
                    "email": "brian@nesbot.com",
                    "homepage": "https://markido.com"
                },
                {
                    "name": "kylekatarnls",
                    "homepage": "https://github.com/kylekatarnls"
                }
            ],
            "description": "An API extension for DateTime that supports 281 different languages.",
            "homepage": "https://carbon.nesbot.com",
            "keywords": [
                "date",
                "datetime",
                "time"
            ],
            "support": {
                "docs": "https://carbon.nesbot.com/docs",
                "issues": "https://github.com/briannesbitt/Carbon/issues",
                "source": "https://github.com/briannesbitt/Carbon"
            },
            "funding": [
                {
                    "url": "https://github.com/sponsors/kylekatarnls",
                    "type": "github"
                },
                {
                    "url": "https://opencollective.com/Carbon#sponsor",
                    "type": "opencollective"
                },
                {
                    "url": "https://tidelift.com/subscription/pkg/packagist-nesbot-carbon?utm_source=packagist-nesbot-carbon&utm_medium=referral&utm_campaign=readme",
                    "type": "tidelift"
                }
            ],
            "install-path": "../nesbot/carbon"
        },
        {
            "name": "psr/container",
            "version": "2.0.2",
            "version_normalized": "2.0.2.0",
            "source": {
                "type": "git",
                "url": "https://github.com/php-fig/container.git",
                "reference": "c71ecc56dfe541dbd90c5360474fbc405f8d5963"
            },
            "dist": {
                "type": "zip",
                "url": "https://api.github.com/repos/php-fig/container/zipball/c71ecc56dfe541dbd90c5360474fbc405f8d5963",
                "reference": "c71ecc56dfe541dbd90c5360474fbc405f8d5963",
                "shasum": ""
            },
            "require": {
                "php": ">=7.4.0"
            },
            "time": "2021-11-05T16:47:00+00:00",
            "type": "library",
            "extra": {
                "branch-alias": {
                    "dev-master": "2.0.x-dev"
                }
            },
            "installation-source": "dist",
            "autoload": {
                "psr-4": {
                    "Psr\\Container\\": "src/"
                }
            },
            "notification-url": "https://packagist.org/downloads/",
            "license": [
                "MIT"
            ],
            "authors": [
                {
                    "name": "PHP-FIG",
                    "homepage": "https://www.php-fig.org/"
                }
            ],
            "description": "Common Container Interface (PHP FIG PSR-11)",
            "homepage": "https://github.com/php-fig/container",
            "keywords": [
                "PSR-11",
                "container",
                "container-interface",
                "container-interop",
                "psr"
            ],
            "support": {
                "issues": "https://github.com/php-fig/container/issues",
                "source": "https://github.com/php-fig/container/tree/2.0.2"
            },
            "install-path": "../psr/container"
        },
        {
            "name": "psr/simple-cache",
            "version": "3.0.0",
            "version_normalized": "3.0.0.0",
            "source": {
                "type": "git",
                "url": "https://github.com/php-fig/simple-cache.git",
                "reference": "764e0b3939f5ca87cb904f570ef9be2d78a07865"
            },
            "dist": {
                "type": "zip",
                "url": "https://api.github.com/repos/php-fig/simple-cache/zipball/764e0b3939f5ca87cb904f570ef9be2d78a07865",
                "reference": "764e0b3939f5ca87cb904f570ef9be2d78a07865",
                "shasum": ""
            },
            "require": {
                "php": ">=8.0.0"
            },
            "time": "2021-10-29T13:26:27+00:00",
            "type": "library",
            "extra": {
                "branch-alias": {
                    "dev-master": "3.0.x-dev"
                }
            },
            "installation-source": "dist",
            "autoload": {
                "psr-4": {
                    "Psr\\SimpleCache\\": "src/"
                }
            },
            "notification-url": "https://packagist.org/downloads/",
            "license": [
                "MIT"
            ],
            "authors": [
                {
                    "name": "PHP-FIG",
                    "homepage": "https://www.php-fig.org/"
                }
            ],
            "description": "Common interfaces for simple caching",
            "keywords": [
                "cache",
                "caching",
                "psr",
                "psr-16",
                "simple-cache"
            ],
            "support": {
                "source": "https://github.com/php-fig/simple-cache/tree/3.0.0"
            },
            "install-path": "../psr/simple-cache"
        },
        {
            "name": "symfony/polyfill-mbstring",
            "version": "v1.27.0",
            "version_normalized": "1.27.0.0",
            "source": {
                "type": "git",
                "url": "https://github.com/symfony/polyfill-mbstring.git",
                "reference": "8ad114f6b39e2c98a8b0e3bd907732c207c2b534"
            },
            "dist": {
                "type": "zip",
                "url": "https://api.github.com/repos/symfony/polyfill-mbstring/zipball/8ad114f6b39e2c98a8b0e3bd907732c207c2b534",
                "reference": "8ad114f6b39e2c98a8b0e3bd907732c207c2b534",
                "shasum": ""
            },
            "require": {
                "php": ">=7.1"
            },
            "provide": {
                "ext-mbstring": "*"
            },
            "suggest": {
                "ext-mbstring": "For best performance"
            },
            "time": "2022-11-03T14:55:06+00:00",
            "type": "library",
            "extra": {
                "branch-alias": {
                    "dev-main": "1.27-dev"
                },
                "thanks": {
                    "name": "symfony/polyfill",
                    "url": "https://github.com/symfony/polyfill"
                }
            },
            "installation-source": "dist",
            "autoload": {
                "files": [
                    "bootstrap.php"
                ],
                "psr-4": {
                    "Symfony\\Polyfill\\Mbstring\\": ""
                }
            },
            "notification-url": "https://packagist.org/downloads/",
            "license": [
                "MIT"
            ],
            "authors": [
                {
                    "name": "Nicolas Grekas",
                    "email": "p@tchwork.com"
                },
                {
                    "name": "Symfony Community",
                    "homepage": "https://symfony.com/contributors"
                }
            ],
            "description": "Symfony polyfill for the Mbstring extension",
            "homepage": "https://symfony.com",
            "keywords": [
                "compatibility",
                "mbstring",
                "polyfill",
                "portable",
                "shim"
            ],
            "support": {
                "source": "https://github.com/symfony/polyfill-mbstring/tree/v1.27.0"
            },
            "funding": [
                {
                    "url": "https://symfony.com/sponsor",
                    "type": "custom"
                },
                {
                    "url": "https://github.com/fabpot",
                    "type": "github"
                },
                {
                    "url": "https://tidelift.com/funding/github/packagist/symfony/symfony",
                    "type": "tidelift"
                }
            ],
            "install-path": "../symfony/polyfill-mbstring"
        },
        {
            "name": "symfony/polyfill-php80",
            "version": "v1.27.0",
            "version_normalized": "1.27.0.0",
            "source": {
                "type": "git",
                "url": "https://github.com/symfony/polyfill-php80.git",
                "reference": "7a6ff3f1959bb01aefccb463a0f2cd3d3d2fd936"
            },
            "dist": {
                "type": "zip",
                "url": "https://api.github.com/repos/symfony/polyfill-php80/zipball/7a6ff3f1959bb01aefccb463a0f2cd3d3d2fd936",
                "reference": "7a6ff3f1959bb01aefccb463a0f2cd3d3d2fd936",
                "shasum": ""
            },
            "require": {
                "php": ">=7.1"
            },
            "time": "2022-11-03T14:55:06+00:00",
            "type": "library",
            "extra": {
                "branch-alias": {
                    "dev-main": "1.27-dev"
                },
                "thanks": {
                    "name": "symfony/polyfill",
                    "url": "https://github.com/symfony/polyfill"
                }
            },
            "installation-source": "dist",
            "autoload": {
                "files": [
                    "bootstrap.php"
                ],
                "psr-4": {
                    "Symfony\\Polyfill\\Php80\\": ""
                },
                "classmap": [
                    "Resources/stubs"
                ]
            },
            "notification-url": "https://packagist.org/downloads/",
            "license": [
                "MIT"
            ],
            "authors": [
                {
                    "name": "Ion Bazan",
                    "email": "ion.bazan@gmail.com"
                },
                {
                    "name": "Nicolas Grekas",
                    "email": "p@tchwork.com"
                },
                {
                    "name": "Symfony Community",
                    "homepage": "https://symfony.com/contributors"
                }
            ],
            "description": "Symfony polyfill backporting some PHP 8.0+ features to lower PHP versions",
            "homepage": "https://symfony.com",
            "keywords": [
                "compatibility",
                "polyfill",
                "portable",
                "shim"
            ],
            "support": {
                "source": "https://github.com/symfony/polyfill-php80/tree/v1.27.0"
            },
            "funding": [
                {
                    "url": "https://symfony.com/sponsor",
                    "type": "custom"
                },
                {
                    "url": "https://github.com/fabpot",
                    "type": "github"
                },
                {
                    "url": "https://tidelift.com/funding/github/packagist/symfony/symfony",
                    "type": "tidelift"
                }
            ],
            "install-path": "../symfony/polyfill-php80"
        },
        {
            "name": "symfony/translation",
            "version": "v6.2.8",
            "version_normalized": "6.2.8.0",
            "source": {
                "type": "git",
                "url": "https://github.com/symfony/translation.git",
                "reference": "817535dbb1721df8b3a8f2489dc7e50bcd6209b5"
            },
            "dist": {
                "type": "zip",
                "url": "https://api.github.com/repos/symfony/translation/zipball/817535dbb1721df8b3a8f2489dc7e50bcd6209b5",
                "reference": "817535dbb1721df8b3a8f2489dc7e50bcd6209b5",
                "shasum": ""
            },
            "require": {
                "php": ">=8.1",
                "symfony/polyfill-mbstring": "~1.0",
                "symfony/translation-contracts": "^2.3|^3.0"
            },
            "conflict": {
                "symfony/config": "<5.4",
                "symfony/console": "<5.4",
                "symfony/dependency-injection": "<5.4",
                "symfony/http-kernel": "<5.4",
                "symfony/twig-bundle": "<5.4",
                "symfony/yaml": "<5.4"
            },
            "provide": {
                "symfony/translation-implementation": "2.3|3.0"
            },
            "require-dev": {
                "nikic/php-parser": "^4.13",
                "psr/log": "^1|^2|^3",
                "symfony/config": "^5.4|^6.0",
                "symfony/console": "^5.4|^6.0",
                "symfony/dependency-injection": "^5.4|^6.0",
                "symfony/finder": "^5.4|^6.0",
                "symfony/http-client-contracts": "^1.1|^2.0|^3.0",
                "symfony/http-kernel": "^5.4|^6.0",
                "symfony/intl": "^5.4|^6.0",
                "symfony/polyfill-intl-icu": "^1.21",
                "symfony/routing": "^5.4|^6.0",
                "symfony/service-contracts": "^1.1.2|^2|^3",
                "symfony/yaml": "^5.4|^6.0"
            },
            "suggest": {
                "nikic/php-parser": "To use PhpAstExtractor",
                "psr/log-implementation": "To use logging capability in translator",
                "symfony/config": "",
                "symfony/yaml": ""
            },
            "time": "2023-03-31T09:14:44+00:00",
            "type": "library",
            "installation-source": "dist",
            "autoload": {
                "files": [
                    "Resources/functions.php"
                ],
                "psr-4": {
                    "Symfony\\Component\\Translation\\": ""
                },
                "exclude-from-classmap": [
                    "/Tests/"
                ]
            },
            "notification-url": "https://packagist.org/downloads/",
            "license": [
                "MIT"
            ],
            "authors": [
                {
                    "name": "Fabien Potencier",
                    "email": "fabien@symfony.com"
                },
                {
                    "name": "Symfony Community",
                    "homepage": "https://symfony.com/contributors"
                }
            ],
            "description": "Provides tools to internationalize your application",
            "homepage": "https://symfony.com",
            "support": {
                "source": "https://github.com/symfony/translation/tree/v6.2.8"
            },
            "funding": [
                {
                    "url": "https://symfony.com/sponsor",
                    "type": "custom"
                },
                {
                    "url": "https://github.com/fabpot",
                    "type": "github"
                },
                {
                    "url": "https://tidelift.com/funding/github/packagist/symfony/symfony",
                    "type": "tidelift"
                }
            ],
            "install-path": "../symfony/translation"
        },
        {
            "name": "symfony/translation-contracts",
            "version": "v3.2.1",
            "version_normalized": "3.2.1.0",
            "source": {
                "type": "git",
                "url": "https://github.com/symfony/translation-contracts.git",
                "reference": "dfec258b9dd17a6b24420d464c43bffe347441c8"
            },
            "dist": {
                "type": "zip",
                "url": "https://api.github.com/repos/symfony/translation-contracts/zipball/dfec258b9dd17a6b24420d464c43bffe347441c8",
                "reference": "dfec258b9dd17a6b24420d464c43bffe347441c8",
                "shasum": ""
            },
            "require": {
                "php": ">=8.1"
            },
            "suggest": {
                "symfony/translation-implementation": ""
            },
            "time": "2023-03-01T10:32:47+00:00",
            "type": "library",
            "extra": {
                "branch-alias": {
                    "dev-main": "3.3-dev"
                },
                "thanks": {
                    "name": "symfony/contracts",
                    "url": "https://github.com/symfony/contracts"
                }
            },
            "installation-source": "dist",
            "autoload": {
                "psr-4": {
                    "Symfony\\Contracts\\Translation\\": ""
                },
                "exclude-from-classmap": [
                    "/Test/"
                ]
            },
            "notification-url": "https://packagist.org/downloads/",
            "license": [
                "MIT"
            ],
            "authors": [
                {
                    "name": "Nicolas Grekas",
                    "email": "p@tchwork.com"
                },
                {
                    "name": "Symfony Community",
                    "homepage": "https://symfony.com/contributors"
                }
            ],
            "description": "Generic abstractions related to translation",
            "homepage": "https://symfony.com",
            "keywords": [
                "abstractions",
                "contracts",
                "decoupling",
                "interfaces",
                "interoperability",
                "standards"
            ],
            "support": {
                "source": "https://github.com/symfony/translation-contracts/tree/v3.2.1"
            },
            "funding": [
                {
                    "url": "https://symfony.com/sponsor",
                    "type": "custom"
                },
                {
                    "url": "https://github.com/fabpot",
                    "type": "github"
                },
                {
                    "url": "https://tidelift.com/funding/github/packagist/symfony/symfony",
                    "type": "tidelift"
                }
            ],
            "install-path": "../symfony/translation-contracts"
        },
        {
            "name": "voku/portable-ascii",
            "version": "2.0.1",
            "version_normalized": "2.0.1.0",
            "source": {
                "type": "git",
                "url": "https://github.com/voku/portable-ascii.git",
                "reference": "b56450eed252f6801410d810c8e1727224ae0743"
            },
            "dist": {
                "type": "zip",
                "url": "https://api.github.com/repos/voku/portable-ascii/zipball/b56450eed252f6801410d810c8e1727224ae0743",
                "reference": "b56450eed252f6801410d810c8e1727224ae0743",
                "shasum": ""
            },
            "require": {
                "php": ">=7.0.0"
            },
            "require-dev": {
                "phpunit/phpunit": "~6.0 || ~7.0 || ~9.0"
            },
            "suggest": {
                "ext-intl": "Use Intl for transliterator_transliterate() support"
            },
            "time": "2022-03-08T17:03:00+00:00",
            "type": "library",
            "installation-source": "dist",
            "autoload": {
                "psr-4": {
                    "voku\\": "src/voku/"
                }
            },
            "notification-url": "https://packagist.org/downloads/",
            "license": [
                "MIT"
            ],
            "authors": [
                {
                    "name": "Lars Moelleken",
                    "homepage": "http://www.moelleken.org/"
                }
            ],
            "description": "Portable ASCII library - performance optimized (ascii) string functions for php.",
            "homepage": "https://github.com/voku/portable-ascii",
            "keywords": [
                "ascii",
                "clean",
                "php"
            ],
            "support": {
                "issues": "https://github.com/voku/portable-ascii/issues",
                "source": "https://github.com/voku/portable-ascii/tree/2.0.1"
            },
            "funding": [
                {
                    "url": "https://www.paypal.me/moelleken",
                    "type": "custom"
                },
                {
                    "url": "https://github.com/voku",
                    "type": "github"
                },
                {
                    "url": "https://opencollective.com/portable-ascii",
                    "type": "open_collective"
                },
                {
                    "url": "https://www.patreon.com/voku",
                    "type": "patreon"
                },
                {
                    "url": "https://tidelift.com/funding/github/packagist/voku/portable-ascii",
                    "type": "tidelift"
                }
            ],
            "install-path": "../voku/portable-ascii"
        }
    ],
    "dev": true,
    "dev-package-names": []
}
